{"cameraMode":{"drawMode":0,"name":"Shaded","section":"Shading Mode"},"sceneLighting":true,"audioPlay":false,"sceneViewState":{"m_AlwaysRefresh":false,"showFog":true,"showSkybox":true,"showFlares":true,"showImageEffects":true,"showParticleSystems":true,"showVisualEffectGraphs":true,"m_FxEnabled":true},"in2DMode":false,"pivot":{"x":10.339890480041504,"y":7.514248847961426,"z":-4.289016246795654},"rotation":{"x":0.043762750923633578,"y":0.9390217065811157,"z":-0.13012255728244782,"w":0.31529176235198977},"size":4.716991424560547,"orthographic":false}